{"stats":{"minecraft:killed_by":{"minecraft:creeper":1},"minecraft:broken":{"minecraft:wooden_axe":1},"minecraft:used":{"minecraft:wooden_axe":59,"minecraft:apple":1,"minecraft:wooden_sword":9,"minecraft:crafting_table":2,"minecraft:oak_sapling":1},"minecraft:crafted":{"minecraft:wooden_sword":1,"minecraft:oak_planks":20,"minecraft:crafting_table":1,"minecraft:stick":4,"minecraft:wooden_pickaxe":1,"minecraft:wooden_axe":1},"minecraft:mined":{"minecraft:oak_log":31,"minecraft:oak_leaves":62,"minecraft:crafting_table":1},"minecraft:picked_up":{"minecraft:wooden_sword":1,"minecraft:stick":21,"minecraft:crafting_table":1,"minecraft:apple":10,"minecraft:wheat_seeds":2,"minecraft:wooden_pickaxe":1,"minecraft:porkchop":10,"minecraft:oak_log":59,"minecraft:oak_sapling":39,"minecraft:oak_planks":6,"minecraft:dirt":60},"minecraft:killed":{"minecraft:pig":2},"minecraft:custom":{"minecraft:time_since_rest":1373,"minecraft:deaths":1,"minecraft:crouch_one_cm":338,"minecraft:play_time":8616,"minecraft:sprint_one_cm":33891,"minecraft:damage_taken":395,"minecraft:walk_one_cm":18682,"minecraft:sneak_time":116,"minecraft:mob_kills":2,"minecraft:jump":101,"minecraft:damage_dealt":380,"minecraft:leave_game":1,"minecraft:walk_on_water_one_cm":2712,"minecraft:time_since_death":1345,"minecraft:total_world_time":8616,"minecraft:fall_one_cm":937,"minecraft:interact_with_crafting_table":2,"minecraft:fly_one_cm":12543}},"DataVersion":2975}