{"stats":{"minecraft:used":{"minecraft:stone_sword":1,"minecraft:stone_pickaxe":22,"minecraft:decorated_pot":1,"minecraft:wooden_pickaxe":6,"minecraft:dirt":1,"minecraft:oak_sapling":8,"minecraft:acacia_sapling":2,"immersive_aircraft:biplane":1},"minecraft:custom":{"minecraft:time_since_rest":14724,"minecraft:sprint_one_cm":14341,"minecraft:damage_taken":50,"minecraft:walk_one_cm":27225,"minecraft:mob_kills":1,"minecraft:drop":1,"minecraft:damage_dealt":20,"minecraft:interact_with_crafting_table":4,"minecraft:fly_one_cm":13686,"minecraft:play_time":14724,"minecraft:jump":124,"minecraft:leave_game":1,"minecraft:time_since_death":14724,"minecraft:climb_one_cm":208,"minecraft:total_world_time":14724,"minecraft:fall_one_cm":4303},"minecraft:killed":{"minecraft:zombie":1},"minecraft:crafted":{"minecraft:oak_planks":36,"minecraft:crafting_table":1,"minecraft:wooden_pickaxe":1,"minecraft:stone_pickaxe":1,"minecraft:stone_sword":1,"minecraft:furnace":1,"minecraft:acacia_planks":4,"portable_tables:portable_crafting_table":1,"minecraft:stone_axe":1},"minecraft:mined":{"minecraft:acacia_leaves":24,"minecraft:grass":1,"minecraft:acacia_log":2,"minecraft:grass_block":1,"minecraft:oak_log":9,"minecraft:coal_ore":1,"minecraft:decorated_pot":2,"minecraft:dead_bush":8,"minecraft:tall_grass":2,"minecraft:stone":26,"minecraft:oak_leaves":67},"minecraft:picked_up":{"minecraft:stick":9,"minecraft:shelter_pottery_sherd":1,"minecraft:acacia_log":2,"minecraft:oak_log":9,"minecraft:brick":3,"minecraft:dirt":1,"minecraft:rotten_flesh":1,"minecraft:apple":2,"minecraft:decorated_pot":1,"minecraft:oak_sapling":8,"minecraft:acacia_sapling":2,"minecraft:coal":1,"minecraft:cobblestone":26},"minecraft:dropped":{"minecraft:rotten_flesh":1}},"DataVersion":3465}