{"stats":{"minecraft:used":{"minecraft:stone_sword":19,"minecraft:acacia_log":1,"minecraft:stone_pickaxe":22,"minecraft:decorated_pot":1,"minecraft:wooden_pickaxe":6,"minecraft:stone_axe":13,"minecraft:dirt":1,"minecraft:oak_sapling":9,"minecraft:acacia_sapling":2,"minecraft:cooked_beef":2,"immersive_aircraft:biplane":1},"minecraft:custom":{"minecraft:time_since_rest":26724,"minecraft:interact_with_furnace":4,"minecraft:sprint_one_cm":45413,"minecraft:damage_taken":160,"minecraft:walk_one_cm":43374,"minecraft:mob_kills":9,"minecraft:drop":2,"minecraft:damage_dealt":856,"minecraft:interact_with_crafting_table":8,"minecraft:fly_one_cm":44790,"minecraft:crouch_one_cm":150,"minecraft:play_time":26724,"minecraft:sneak_time":68,"minecraft:jump":319,"minecraft:leave_game":1,"minecraft:time_since_death":26724,"minecraft:climb_one_cm":208,"minecraft:total_world_time":26724,"minecraft:fall_one_cm":9971},"minecraft:killed":{"minecraft:sheep":3,"minecraft:zombie":1,"minecraft:cow":4},"minecraft:crafted":{"minecraft:cooked_beef":8,"minecraft:oak_planks":36,"portable_tables:portable_furnace":1,"minecraft:crafting_table":1,"minecraft:wooden_pickaxe":1,"minecraft:stone_pickaxe":1,"minecraft:stone_sword":1,"minecraft:furnace":1,"minecraft:white_bed":1,"minecraft:acacia_planks":4,"portable_tables:portable_crafting_table":1,"minecraft:stone_axe":1,"minecraft:air":0},"minecraft:mined":{"minecraft:acacia_leaves":24,"minecraft:grass":1,"minecraft:acacia_log":3,"minecraft:grass_block":1,"minecraft:oak_log":14,"minecraft:coal_ore":1,"minecraft:decorated_pot":2,"minecraft:dead_bush":8,"minecraft:tall_grass":2,"minecraft:stone":26,"minecraft:oak_leaves":74},"minecraft:picked_up":{"minecraft:stick":9,"minecraft:shelter_pottery_sherd":1,"minecraft:leather":7,"minecraft:acacia_log":3,"minecraft:oak_log":14,"minecraft:brick":3,"minecraft:dirt":1,"minecraft:rotten_flesh":3,"minecraft:apple":2,"minecraft:decorated_pot":1,"minecraft:beef":11,"minecraft:oak_sapling":9,"minecraft:mutton":4,"minecraft:acacia_sapling":2,"minecraft:coal":1,"minecraft:white_wool":3,"minecraft:cobblestone":26},"minecraft:dropped":{"minecraft:rotten_flesh":3}},"DataVersion":3465}