{"stats":{"minecraft:used":{"minecraft:decorated_pot":1},"minecraft:custom":{"minecraft:jump":26,"minecraft:time_since_rest":2724,"minecraft:sprint_one_cm":1285,"minecraft:leave_game":1,"minecraft:play_time":2724,"minecraft:time_since_death":2724,"minecraft:walk_one_cm":2571,"minecraft:climb_one_cm":208,"minecraft:total_world_time":2724,"minecraft:fall_one_cm":896,"minecraft:fly_one_cm":2728},"minecraft:mined":{"minecraft:oak_log":1,"minecraft:decorated_pot":1,"minecraft:oak_leaves":5},"minecraft:picked_up":{"minecraft:oak_log":1,"minecraft:decorated_pot":1}},"DataVersion":3465}