{"stats":{"minecraft:custom":{"minecraft:jump":17,"minecraft:time_since_rest":1554,"minecraft:leave_game":1,"minecraft:crouch_one_cm":1706,"minecraft:walk_on_water_one_cm":560,"minecraft:sprint_one_cm":1680,"minecraft:play_time":1554,"minecraft:damage_taken":110,"minecraft:time_since_death":1554,"minecraft:walk_one_cm":2508,"minecraft:sneak_time":392,"minecraft:total_world_time":1554,"minecraft:walk_under_water_one_cm":196,"minecraft:swim_one_cm":9357,"minecraft:fall_one_cm":2219,"minecraft:fly_one_cm":1798}},"DataVersion":2975}