{
  "minecraft:recipes/decorations/crafting_table": {
    "criteria": {
      "unlock_right_away": "2024-08-21 03:27:13 +0000"
    },
    "done": true
  },
  "incendium:technical/new_player": {
    "criteria": {
      "requirement": "2024-08-21 03:27:13 +0000"
    },
    "done": true
  },
  "iceandfire:iceandfire/root": {
    "criteria": {
      "tick": "2024-08-21 03:27:13 +0000"
    },
    "done": true
  },
  "dungeons_arise:wda_root": {
    "criteria": {
      "WDA": "2024-08-21 03:27:13 +0000"
    },
    "done": true
  },
  "the_bumblezone:root": {
    "criteria": {
      "instant_granted": "2024-08-21 03:27:13 +0000"
    },
    "done": true
  },
  "betterdungeons:root": {
    "criteria": {
      "always": "2024-08-21 03:27:13 +0000"
    },
    "done": true
  },
  "the_bumblezone:wiki": {
    "criteria": {
      "instant_granted": "2024-08-21 03:27:13 +0000"
    },
    "done": true
  },
  "incendium:technical/using/shield": {
    "criteria": {
      "log_spam_fixer": "2024-08-21 03:27:15 +0000"
    },
    "done": false
  },
  "incendium:technical/scroll_of_returning": {
    "criteria": {
      "log_spam_fixer": "2024-08-21 03:27:15 +0000"
    },
    "done": false
  },
  "incendium:technical/using/ragnarok": {
    "criteria": {
      "log_spam_fixer": "2024-08-21 03:27:15 +0000"
    },
    "done": false
  },
  "incendium:technical/using/trailblazer": {
    "criteria": {
      "log_spam_fixer": "2024-08-21 03:27:15 +0000"
    },
    "done": false
  },
  "portable_tables:recipes/tools/portable_damaged_anvil": {
    "criteria": {
      "always": "2024-08-21 14:28:19 +0000"
    },
    "done": true
  },
  "portable_tables:recipes/tools/portable_loom": {
    "criteria": {
      "always": "2024-08-21 14:28:19 +0000"
    },
    "done": true
  },
  "create:root": {
    "criteria": {
      "0": "2024-08-21 14:28:19 +0000"
    },
    "done": true
  },
  "portable_tables:recipes/tools/portable_chipped_anvil": {
    "criteria": {
      "always": "2024-08-21 14:28:19 +0000"
    },
    "done": true
  },
  "portable_tables:recipes/tools/portable_grindstone": {
    "criteria": {
      "always": "2024-08-21 14:28:19 +0000"
    },
    "done": true
  },
  "portable_tables:recipes/tools/portable_blast_furnace": {
    "criteria": {
      "always": "2024-08-21 14:28:19 +0000"
    },
    "done": true
  },
  "minecraft:recipes/misc/charcoal": {
    "criteria": {
      "has_log": "2024-08-21 14:28:19 +0000"
    },
    "done": true
  },
  "minecraft:recipes/building_blocks/oak_planks": {
    "criteria": {
      "has_logs": "2024-08-21 14:28:19 +0000"
    },
    "done": true
  },
  "portable_tables:recipes/tools/portable_bell": {
    "criteria": {
      "always": "2024-08-21 14:28:19 +0000"
    },
    "done": true
  },
  "portable_tables:recipes/tools/portable_furnace": {
    "criteria": {
      "always": "2024-08-21 14:28:19 +0000"
    },
    "done": true
  },
  "minecraft:recipes/building_blocks/oak_wood": {
    "criteria": {
      "has_log": "2024-08-21 14:28:19 +0000"
    },
    "done": true
  },
  "portable_tables:recipes/tools/portable_anvil": {
    "criteria": {
      "always": "2024-08-21 14:28:19 +0000"
    },
    "done": true
  },
  "portable_tables:recipes/tools/portable_crafting_table_short": {
    "criteria": {
      "always": "2024-08-21 14:28:19 +0000"
    },
    "done": true
  },
  "portable_tables:recipes/tools/portable_smithing": {
    "criteria": {
      "always": "2024-08-21 14:28:19 +0000"
    },
    "done": true
  },
  "portable_tables:recipes/tools/portable_smoker": {
    "criteria": {
      "always": "2024-08-21 14:28:19 +0000"
    },
    "done": true
  },
  "portable_tables:recipes/tools/portable_cartography_table": {
    "criteria": {
      "always": "2024-08-21 14:28:19 +0000"
    },
    "done": true
  },
  "portable_tables:recipes/tools/portable_stonecutter": {
    "criteria": {
      "always": "2024-08-21 14:28:19 +0000"
    },
    "done": true
  },
  "portable_tables:recipes/tools/portable_crafting_table": {
    "criteria": {
      "always": "2024-08-21 14:28:19 +0000"
    },
    "done": true
  },
  "DataVersion": 3465
}